Link,Title,Image,Profile Picture,Ratings,Price
https://www.fiverr.com/dr_oghi/automate-google-sheets-form-gmail-drive-via-apps-script?context_referrer=search_gigs&source=main_banner&ref_ctx_id=3ff60781c696c0545a3223c027aa36bb&pckg_id=1&pos=1&context_type=auto&funnel=3ff60781c696c0545a3223c027aa36bb&fiverr_choice=true&imp_id=2673797c-9f23-4385-933f-d76484c43a2c,"I will automate google sheets, form, gmail, drive, calendar via apps script","https://fiverr-res.cloudinary.com/video/upload/so_0.232105,t_gig_cards_web/twpny0xg73hnpststprt.png","https://fiverr-res.cloudinary.com/t_profile_thumb,q_auto,f_auto/attachments/profile/photo/af56549731039aa1b1cd26043e432dcb-1632753729774/b53fc4dc-75a7-47ba-b830-b3ff6e985440.png",264,30
https://www.fiverr.com/irfankhanik785/be-your-one-stop-google-product-wizard?context_referrer=search_gigs&source=main_banner&ref_ctx_id=3ff60781c696c0545a3223c027aa36bb&pckg_id=1&pos=2&context_type=auto&funnel=3ff60781c696c0545a3223c027aa36bb&imp_id=93fbfb6b-c2ee-4db8-bca2-da5b46189fb1,I will be your google app script wizard,,"https://fiverr-res.cloudinary.com/t_profile_thumb,q_auto,f_auto/attachments/profile/photo/027a29043dc6fabb182c6383f4e2c1f7-1598344909082/e038bffa-415b-4664-8f6c-a783c1f18ce9.jpg",103,5
https://www.fiverr.com/franciscoluc118/automate-google-sheets-formulas-and-apps-script?context_referrer=search_gigs&source=main_banner&ref_ctx_id=3ff60781c696c0545a3223c027aa36bb&pckg_id=1&pos=3&context_type=auto&funnel=3ff60781c696c0545a3223c027aa36bb&imp_id=22637110-de00-4803-8854-866a372065d6,I will automate google sheets formulas and apps script,https://fiverr-res.cloudinary.com/video/upload/t_gig_cards_web/nf1zamhgoy9ofydm4xf7.png,"https://fiverr-res.cloudinary.com/t_profile_thumb,q_auto,f_auto/attachments/profile/photo/ac3040af917188840d984cedad635f42-1660953958802/e4d1183b-ff36-45c9-afda-8bb57b03e28a.jpg",170,10
https://www.fiverr.com/josephasinyo/develop-google-app-scripts?context_referrer=search_gigs&source=main_banner&ref_ctx_id=3ff60781c696c0545a3223c027aa36bb&pckg_id=1&pos=4&context_type=auto&funnel=3ff60781c696c0545a3223c027aa36bb&imp_id=6ae4460e-7630-4991-9bb8-6e0bf9411ece,I will develop google app scripts,,"https://fiverr-res.cloudinary.com/t_profile_thumb,q_auto,f_auto/attachments/profile/photo/cf2d44ca4a5f8e5ecd05904f99d63e8a-1649738685409/40df68e5-2fe1-44ef-b610-4fab3673bf83.png",161,15
https://www.fiverr.com/eng_samerhany/automate-any-google-sheet-task-using-formulas-macros-apps-script?context_referrer=search_gigs&source=main_banner&ref_ctx_id=3ff60781c696c0545a3223c027aa36bb&pckg_id=1&pos=5&context_type=auto&funnel=3ff60781c696c0545a3223c027aa36bb&imp_id=e0d13970-b38d-462c-85d0-3e95698dbfeb,"I will automate google sheets, excel formula, macro, vba, apps script, python",,"https://fiverr-res.cloudinary.com/t_profile_thumb,q_auto,f_auto/attachments/profile/photo/a02aee5e02086b74813b66897740b0ed-1619309688887/d0acc65e-78a7-4068-8c8d-50e68492f718.png",369,200
https://www.fiverr.com/gtradial66/do-anything-using-google-app-scripts?context_referrer=search_gigs&source=main_banner&ref_ctx_id=3ff60781c696c0545a3223c027aa36bb&pckg_id=1&pos=6&context_type=auto&funnel=3ff60781c696c0545a3223c027aa36bb&imp_id=9d7109f9-ed3d-443a-a781-d95c0128b056,I will do anything using google app scripting,,"https://fiverr-res.cloudinary.com/t_profile_thumb,q_auto,f_auto/attachments/profile/photo/a6ce839a3f8cc019f1028e4b076d0e08-1569574478871/1c20efc8-a913-425f-a76b-b3aebb889aab.jpg",162,60
https://www.fiverr.com/ayesha_tahirr/code-google-apps-script-for-sheet-gmail-slides-form-doc-calendar-automation?context_referrer=search_gigs&source=main_banner&ref_ctx_id=3ff60781c696c0545a3223c027aa36bb&pckg_id=1&pos=7&context_type=auto&funnel=3ff60781c696c0545a3223c027aa36bb&seller_online=true&imp_id=6cf025c1-765c-4c5a-a223-f6a01a0de363,"I will code google apps script for sheet, gmail, slides, form, doc, calendar automation",,"https://fiverr-res.cloudinary.com/t_profile_thumb,q_auto,f_auto/attachments/profile/photo/3c871ee6f800a220174774e6840affdc-1675025671112/d9dd9484-d86b-40e9-b128-e259e783f026.jpeg",12,10
https://www.fiverr.com/ferozshah718/google-apps-script-macro-for-spreadsheets?context_referrer=search_gigs&source=main_banner&ref_ctx_id=3ff60781c696c0545a3223c027aa36bb&pckg_id=1&pos=8&context_type=auto&funnel=3ff60781c696c0545a3223c027aa36bb&imp_id=d8f2e325-da44-4ce1-b762-1ae796a68e5e,I will write google apps script and macro for spreadsheets,"https://fiverr-res.cloudinary.com/video/upload/so_3.263889,t_gig_cards_web/vnztx8eomcc0bzmh4jwq.png","https://fiverr-res.cloudinary.com/t_profile_thumb,q_auto,f_auto/attachments/profile/photo/96fb5338fd70253e65ea167b4dc459f6-1588496357369/45908d6c-3535-4155-bf48-68500d513602.jpg",88,15
https://www.fiverr.com/gryabs/create-a-coocle-app-script?context_referrer=search_gigs&source=main_banner&ref_ctx_id=3ff60781c696c0545a3223c027aa36bb&pckg_id=1&pos=9&context_type=auto&funnel=3ff60781c696c0545a3223c027aa36bb&imp_id=eca3cc5d-e48d-49fb-ba20-ab5a9a24dbcd,I will create a google app script,,"https://fiverr-res.cloudinary.com/t_profile_thumb,q_auto,f_auto/attachments/profile/photo/197cdd53230fa34a89bf895aa9720dde-1567677050716/5226078a-93a3-4ab8-b799-9931eab724ef.jpg",54,150
https://www.fiverr.com/ishaqkn/convert-python-script-to-standalone-macos-app?context_referrer=search_gigs&source=main_banner&ref_ctx_id=3ff60781c696c0545a3223c027aa36bb&pckg_id=1&pos=10&context_type=auto&funnel=3ff60781c696c0545a3223c027aa36bb&imp_id=0bce6d3e-9433-40e7-bf4c-970661476794,I will convert python script to standalone macos app,,"https://fiverr-res.cloudinary.com/t_profile_thumb,q_auto,f_auto/attachments/profile/photo/38b993a27493b487a7415e163cf0294f-1670073615652/13550a94-85e7-4249-bb61-26e9bdff031f.png",4,15
https://www.fiverr.com/kay2809/help-with-google-apps-script-64902912-0baf-4d5c-a762-c907a5056a71?context_referrer=search_gigs&source=main_banner&ref_ctx_id=3ff60781c696c0545a3223c027aa36bb&pckg_id=1&pos=11&context_type=auto&funnel=3ff60781c696c0545a3223c027aa36bb&imp_id=48f9c2b4-4f1c-4a76-8982-d40f24fa3713,I will help with google apps script,,"https://fiverr-res.cloudinary.com/t_profile_thumb,q_auto,f_auto/attachments/profile/photo/cc4f9fb06ae6d315d737657b1f617f04-1547137090312/182d88f2-ffb1-4610-acd9-9de265261794.png",120,50
https://www.fiverr.com/zackreynolds/add-scripting-to-your-google-spreadsheet-to-save-or-email-a-tab-as-pdf?context_referrer=search_gigs&source=main_banner&ref_ctx_id=3ff60781c696c0545a3223c027aa36bb&pckg_id=1&pos=12&context_type=auto&funnel=3ff60781c696c0545a3223c027aa36bb&imp_id=842160b2-f8a9-4d79-aa15-9fb7b4e1fd57,I will automate your google sheets with apps script,,"https://fiverr-res.cloudinary.com/t_profile_thumb,q_auto,f_auto/attachments/profile/photo/a191b03709713bf7c733afd8140e10d1-1645713404510/3736522d-2ac2-4a84-b771-927a8093c534.jpg",71,75
https://www.fiverr.com/boody_hany/automate-google-sheets-and-apps-script-excel-and-vba-macros?context_referrer=search_gigs&source=main_banner&ref_ctx_id=3ff60781c696c0545a3223c027aa36bb&pckg_id=1&pos=13&context_type=auto&funnel=3ff60781c696c0545a3223c027aa36bb&imp_id=25c70755-8563-4e58-aedf-6677598dab6e,"I will do excel automation, google sheets, apps script,  vba, formula, macro",,"https://fiverr-res.cloudinary.com/t_profile_thumb,q_auto,f_auto/attachments/profile/photo/b960ac7332fc9ac12feb5c093d8a599b-1660862123183/4dc2bc6f-d90f-4328-8b78-8c4da4f86196.png",68,50
https://www.fiverr.com/gtradial66/create-update-integrate-automate-google-sheets-docs-forms-app-scripting?context_referrer=search_gigs&source=main_banner&ref_ctx_id=3ff60781c696c0545a3223c027aa36bb&pckg_id=1&pos=14&context_type=auto&funnel=3ff60781c696c0545a3223c027aa36bb&imp_id=aec1261f-2b17-40d5-9aa0-f28256f63e01,"I will create, integrate, automate google sheets, docs, forms, app scripting",,"https://fiverr-res.cloudinary.com/t_profile_thumb,q_auto,f_auto/attachments/profile/photo/a6ce839a3f8cc019f1028e4b076d0e08-1569574478871/1c20efc8-a913-425f-a76b-b3aebb889aab.jpg",87,30
https://www.fiverr.com/engr_ejaz/google-apps-script-expert-spreadsheet-sheets-apps-script-automation?context_referrer=search_gigs&source=main_banner&ref_ctx_id=3ff60781c696c0545a3223c027aa36bb&pckg_id=1&pos=15&context_type=auto&funnel=3ff60781c696c0545a3223c027aa36bb&imp_id=b70bf779-fc0a-4160-8b5b-ed97a5cf0efd,I will be your google sheets apps script expert,,"https://fiverr-res.cloudinary.com/t_profile_thumb,q_auto,f_auto/attachments/profile/photo/51bc5a689651be54a833b31ef03039fe-979362231610952448556/JPEG_20210118_114723_-490754572.jpg",4,50
https://www.fiverr.com/googlesheetspro/automate-your-workspace-with-google-apps-script?context_referrer=search_gigs&source=main_banner&ref_ctx_id=3ff60781c696c0545a3223c027aa36bb&pckg_id=1&pos=16&context_type=auto&funnel=3ff60781c696c0545a3223c027aa36bb&imp_id=d7ffc3d9-4f94-48f8-8d36-3271113df3ec,I will automate your workspace with google apps script,,"https://fiverr-res.cloudinary.com/t_profile_thumb,q_auto,f_auto/attachments/profile/photo/8ef68f24fbcd2e88e194f69f6752c540-1680028079245/969563ed-8e82-4a86-a414-5e86aef77bab.png",104,100
https://www.fiverr.com/akshaychicku/automate-google-sheets-forms-gmail-drive-calendar-using-apps-script?context_referrer=search_gigs&source=main_banner&ref_ctx_id=3ff60781c696c0545a3223c027aa36bb&pckg_id=1&pos=17&context_type=auto&funnel=3ff60781c696c0545a3223c027aa36bb&imp_id=0a7a43e3-6083-4ca3-bcd2-bbb85838f2d0,"I will automate google sheets, forms, gmail, drive, calendar using apps script",,"https://fiverr-res.cloudinary.com/t_profile_thumb,q_auto,f_auto/attachments/profile/photo/703f328a14624c9dff874d74d2d5d4c2-1656123845621/cacfbee3-aa93-46e9-a595-7d08440f6bb1.JPG",101,40
https://www.fiverr.com/msjoia/automation-with-google-apps-script-sheets-and-formulas?context_referrer=search_gigs&source=main_banner&ref_ctx_id=3ff60781c696c0545a3223c027aa36bb&pckg_id=1&pos=18&context_type=auto&funnel=3ff60781c696c0545a3223c027aa36bb&imp_id=43c044af-d261-4b3a-be8b-eee8b4ef3f1f,"I will do automation with google apps script, sheets and formulas",,"https://fiverr-res.cloudinary.com/t_profile_thumb,q_auto,f_auto/attachments/profile/photo/4bd90fa6000a626cdfbea5040bdc8300-1630837820414/a8708079-54c0-4a7b-9af2-bf4c8fef3ed8.png",16,10
https://www.fiverr.com/peterscraper/automate-google-sheets-gsuite-gmail-drive-form-slides-with-app-script?context_referrer=search_gigs&source=main_banner&ref_ctx_id=3ff60781c696c0545a3223c027aa36bb&pckg_id=1&pos=19&context_type=auto&funnel=3ff60781c696c0545a3223c027aa36bb&seller_online=true&imp_id=503fdda3-474d-4fa6-99df-1679ae6aedca,"I will automate google sheets, gsuite, gmail, drive, form, slides with app script",,"https://fiverr-res.cloudinary.com/t_profile_thumb,q_auto,f_auto/attachments/profile/photo/77588a2e93e7d186cc6e399d6f088e67-1672826526768/7a88c608-1271-428c-a2af-88746e0efacf.JPG",1,40
https://www.fiverr.com/ifarhanshehzad/automate-webhooks-in-google-sheets-using-apps-script?context_referrer=search_gigs&source=main_banner&ref_ctx_id=3ff60781c696c0545a3223c027aa36bb&pckg_id=1&pos=20&context_type=auto&funnel=3ff60781c696c0545a3223c027aa36bb&imp_id=7820ad64-d73a-4a6d-9704-dfb044673aa2,I will automate webhooks in google sheets using apps script,,"https://fiverr-res.cloudinary.com/t_profile_thumb,q_auto,f_auto/attachments/profile/photo/c3e3040418e78c9757e384f9962ab8f3-1586799066500/f4047713-08e4-44a5-8a85-f1287c6a1eb3.jpg",5,80
https://www.fiverr.com/manuelhughes/automate-google-sheets-excel-formula-macro-vba-apps-script-python?context_referrer=search_gigs&source=main_banner&ref_ctx_id=3ff60781c696c0545a3223c027aa36bb&pckg_id=1&pos=21&context_type=auto&funnel=3ff60781c696c0545a3223c027aa36bb&imp_id=be9bf921-8284-4444-84c5-bdd6cfe3b9bd,"I will automate google sheets, excel formula, macro, vba, apps script, python",,"https://fiverr-res.cloudinary.com/t_profile_thumb,q_auto,f_auto/attachments/profile/photo/1bc164d46dc148daea019d793d83b78c-1674275013993/d7a960b7-241b-4f10-bc81-c8ba5b5afaa5.jfif",1,150
https://www.fiverr.com/sanjaykumar747/do-work-in-python-like-api-website-and-scrapping?context_referrer=search_gigs&source=main_banner&ref_ctx_id=3ff60781c696c0545a3223c027aa36bb&pckg_id=1&pos=22&context_type=auto&funnel=3ff60781c696c0545a3223c027aa36bb&imp_id=efc44aea-2e52-4b1e-b89c-38e555806df7,"I will create custom python script and flask api , web app",,"https://fiverr-res.cloudinary.com/t_profile_thumb,q_auto,f_auto/attachments/profile/photo/769ff09e8dc2c30304bcd6acd228d4d1-1631466568434/3b6687c5-c410-4746-887f-2e24d043599c.jpeg",5,40
https://www.fiverr.com/smailismail407/script-reward-website-and-application-ready?context_referrer=search_gigs&source=main_banner&ref_ctx_id=3ff60781c696c0545a3223c027aa36bb&pckg_id=1&pos=23&context_type=auto&funnel=3ff60781c696c0545a3223c027aa36bb&imp_id=5ef9d766-c72e-4978-9840-f159e7660716,I will script pocket app reward website and application  ready,,"https://fiverr-res.cloudinary.com/t_profile_thumb,q_auto,f_auto/attachments/profile/photo/1621a79c74de1d18a3bfc541fdd1eaf6-1351808261664485834391/JPEG_20220929_221033_1420271206714715242.jpg",3,20
https://www.fiverr.com/jonathanselman/program-apps-script-for-google-workspace?context_referrer=search_gigs&source=main_banner&ref_ctx_id=3ff60781c696c0545a3223c027aa36bb&pckg_id=1&pos=24&context_type=auto&funnel=3ff60781c696c0545a3223c027aa36bb&imp_id=fcdf8eec-bdbd-47c2-8e2c-cfcfac7dba3f,I will program apps script for google workspace,,"https://fiverr-res.cloudinary.com/t_profile_thumb,q_auto,f_auto/attachments/profile/photo/b26d5ecd43e1d2bbc511a4b42ad7076d-1651422708561/135a05d3-4e0e-4f40-8c70-6113fcb0931d.jpg",,35
https://www.fiverr.com/ifarhanshehzad/integrate-api-with-google-sheets-or-docs-using-apps-script?context_referrer=search_gigs&source=main_banner&ref_ctx_id=3ff60781c696c0545a3223c027aa36bb&pckg_id=1&pos=25&context_type=auto&funnel=3ff60781c696c0545a3223c027aa36bb&imp_id=6b581743-c465-4773-a7cd-72d1f6b03d9e,I will integrate any API in google sheets using apps script,,"https://fiverr-res.cloudinary.com/t_profile_thumb,q_auto,f_auto/attachments/profile/photo/c3e3040418e78c9757e384f9962ab8f3-1586799066500/f4047713-08e4-44a5-8a85-f1287c6a1eb3.jpg",32,60
https://www.fiverr.com/mrohail2928/do-automation-using-google-apps-script?context_referrer=search_gigs&source=main_banner&ref_ctx_id=3ff60781c696c0545a3223c027aa36bb&pckg_id=1&pos=26&context_type=auto&funnel=3ff60781c696c0545a3223c027aa36bb&imp_id=a5962c12-66dc-4be3-bea0-e57a507919a3,I will do automation using google apps script,,"https://fiverr-res.cloudinary.com/t_profile_thumb,q_auto,f_auto/attachments/profile/photo/e5d7045ad6aea4c71ae8becaeaeee96c-1586895368582/65c9d2e7-cc0f-4a60-a0c8-1306f5fac978.png",14,20
https://www.fiverr.com/hamzaaydin/develop-automation-tasks-and-apps-with-python?context_referrer=search_gigs&source=main_banner&ref_ctx_id=3ff60781c696c0545a3223c027aa36bb&pckg_id=1&pos=27&context_type=auto&funnel=3ff60781c696c0545a3223c027aa36bb&imp_id=267b79d6-3490-4551-8d59-c0f5052ebf06,I will create custom apps and scripts with python,,"https://fiverr-res.cloudinary.com/t_profile_thumb,q_auto,f_auto/attachments/profile/photo/03199ae6ef64a06294ad309c79a98ddd-1659900257200/d3b4588a-90f8-4a59-af76-de1150978973.jpg",20,25
https://www.fiverr.com/taimur12390/code-google-apps-script-for-sheet-form-doc-gmail-calendar-slides-automation?context_referrer=search_gigs&source=main_banner&ref_ctx_id=3ff60781c696c0545a3223c027aa36bb&pckg_id=1&pos=28&context_type=auto&funnel=3ff60781c696c0545a3223c027aa36bb&imp_id=f3437d17-4685-430a-9a2e-b63ae3365451,"I will code google apps script for sheet, form, doc, gmail, calendar, slides automation",,"https://fiverr-res.cloudinary.com/t_profile_thumb,q_auto,f_auto/attachments/profile/photo/281230e8da03e969608f6770bdf8fa79-986285571607438742173/JPEG_20201208_194541_3474690436973845777.jpg",3,10
https://www.fiverr.com/shahveerkhan502/website-scrapping-using-vba?context_referrer=search_gigs&source=main_banner&ref_ctx_id=3ff60781c696c0545a3223c027aa36bb&pckg_id=1&pos=29&context_type=auto&funnel=3ff60781c696c0545a3223c027aa36bb&imp_id=195e0fee-5518-4696-a081-0f95ae92edc4,I will any api integration using vba or google sheet app scripts or python,,"https://fiverr-res.cloudinary.com/t_profile_thumb,q_auto,f_auto/attachments/profile/photo/1ddac428f1c3d8aa4747b8274394bcd2-1617375165051/299debd9-83e3-45c3-a9fc-f03d65388453.jpg",16,60
https://www.fiverr.com/vasanthakumar_/do-automation-scripts-api-web-application-for-gsuite-apps?context_referrer=search_gigs&source=main_banner&ref_ctx_id=3ff60781c696c0545a3223c027aa36bb&pckg_id=1&pos=30&context_type=auto&funnel=3ff60781c696c0545a3223c027aa36bb&imp_id=f5ec18a3-3edd-4c1f-bb86-cceb13d6349b,"I will create the web application, automation scripts, api, for gsuite apps",,"https://fiverr-res.cloudinary.com/t_profile_thumb,q_auto,f_auto/attachments/profile/photo/56cbeed3fdbb29d4a5901cb7d6ae251b-1663466556367/dc9b8ef8-234d-4acf-94bf-800ab05a385c.png",18,30
https://www.fiverr.com/evanwike/develop-custom-coding-solutions-in-google-suite-and-beyond?context_referrer=search_gigs&source=main_banner&ref_ctx_id=3ff60781c696c0545a3223c027aa36bb&pckg_id=1&pos=31&context_type=auto&funnel=3ff60781c696c0545a3223c027aa36bb&imp_id=e9b9b706-3b4d-4d1e-8ccd-a3e00c5c1ba0,I will write custom apps script to automate your google suite,,"https://fiverr-res.cloudinary.com/t_profile_thumb,q_auto,f_auto/attachments/profile/photo/179afd0b28e8261467f06c51c2e2fe4c-1670215466254/53aea0aa-c721-46ec-83f0-d964100e82dd.jpg",13,20
https://www.fiverr.com/sohaibroomi215/update-clean-and-automate-google-spreadsheets-apps-scripting?context_referrer=search_gigs&source=main_banner&ref_ctx_id=3ff60781c696c0545a3223c027aa36bb&pckg_id=1&pos=32&context_type=auto&funnel=3ff60781c696c0545a3223c027aa36bb&seller_online=true&imp_id=1f2c8a3c-ffe2-4427-9540-2a7892fdc6fc,I will automate your google sheets using the apps script,,"https://fiverr-res.cloudinary.com/t_profile_thumb,q_auto,f_auto/attachments/profile/photo/6264b63959647ce128c8bd651c0fe579-1560133170208/23c3d559-d208-4a86-aa4c-e1e36f80ecda.jpg",6,10
https://www.fiverr.com/jackdunkley948/automate-google-sheet-formulas-and-create-apps-script?context_referrer=search_gigs&source=main_banner&ref_ctx_id=3ff60781c696c0545a3223c027aa36bb&pckg_id=1&pos=33&context_type=auto&funnel=3ff60781c696c0545a3223c027aa36bb&imp_id=daf4c18d-c63f-42a4-8eee-59e436b8bfa5,I will automate google sheet formulas and create apps script,,"https://fiverr-res.cloudinary.com/t_profile_thumb,q_auto,f_auto/attachments/profile/photo/ea283e2e1f7910eed7ae8d9799bd9c1d-1194571231655763482.728873/F1B42D3A-BABA-4E7E-A617-7C391843CE6B",11,30
https://www.fiverr.com/ahsan_naeem_/code-google-apps-script-for-sheets-forms-docs-gmail-calendar-for-automation?context_referrer=search_gigs&source=main_banner&ref_ctx_id=3ff60781c696c0545a3223c027aa36bb&pckg_id=1&pos=34&context_type=auto&funnel=3ff60781c696c0545a3223c027aa36bb&imp_id=d26648c3-cbad-40ea-b657-2a746c598dc2,"I will code google apps script for sheet, form, doc, gmail, calendar, slides automation",,"https://fiverr-res.cloudinary.com/t_profile_thumb,q_auto,f_auto/attachments/profile/photo/36faa7fbe5b94bf9ac552489312d4967-1674114613520/e6fc1ad9-3cc3-4656-b071-114114f174b0.jpg",28,15
https://www.fiverr.com/web_coder_nsd/automate-google-apps-on-app-script?context_referrer=search_gigs&source=main_banner&ref_ctx_id=3ff60781c696c0545a3223c027aa36bb&pckg_id=1&pos=35&context_type=auto&funnel=3ff60781c696c0545a3223c027aa36bb&seller_online=true&imp_id=212ffb55-7440-43e7-9852-76f01a90a867,"I will automate your google sheets, docs, forms, mail or calendar in apps script",,"https://fiverr-res.cloudinary.com/t_profile_thumb,q_auto,f_auto/attachments/profile/photo/5259096d20ad31ecab8b6ad41691b823-1680685166796/25d8355d-5c34-485c-bc61-78db2f5f9a37.png",2,20
https://www.fiverr.com/saidzai/automated-data-entry-form-in-google-sheets-and-apps-script?context_referrer=search_gigs&source=main_banner&ref_ctx_id=3ff60781c696c0545a3223c027aa36bb&pckg_id=1&pos=36&context_type=auto&funnel=3ff60781c696c0545a3223c027aa36bb&imp_id=892ebd46-a98f-49ff-b69d-a5794c8751d1,I will automated data entry form in google sheets and apps script,,"https://fiverr-res.cloudinary.com/t_profile_thumb,q_auto,f_auto/attachments/profile/photo/c9b0a32b615619b4251a48df13877ee0-1588386240549/f423a21e-c3a1-4787-b2c7-e45eebdf2f3d.jpg",2,10
https://www.fiverr.com/msaeed1929/explore-your-google-sheet?context_referrer=search_gigs&source=main_banner&ref_ctx_id=3ff60781c696c0545a3223c027aa36bb&pckg_id=1&pos=37&context_type=auto&funnel=3ff60781c696c0545a3223c027aa36bb&imp_id=7947ef21-f7ca-4e27-9183-acf1f9facd4c,I will enhance your google sheet using app script,,"https://fiverr-res.cloudinary.com/t_profile_thumb,q_auto,f_auto/attachments/profile/photo/af076723eebde37fd3151a82e5b8f633-1513154014681/9477dd18-ec98-48f9-9c80-710dd6f89e4d.jpg",26,20
https://www.fiverr.com/mukeshpiplai123/any-api-integration-in-excel-or-google-sheet-using-vba-or-apps-script?context_referrer=search_gigs&source=main_banner&ref_ctx_id=3ff60781c696c0545a3223c027aa36bb&pckg_id=1&pos=38&context_type=auto&funnel=3ff60781c696c0545a3223c027aa36bb&imp_id=6bdadf8d-dc1e-4ce6-b156-acd6c9953f5f,I will any API integration in excel or google sheet using vba or apps script,,"https://fiverr-res.cloudinary.com/t_profile_thumb,q_auto,f_auto/attachments/profile/photo/8b8c5bf2a255d50f90f4f367c977095e-139691791601171159559/JPEG_20200927_071558_3896693016247095350.jpg",2,100
https://www.fiverr.com/amir_limon/build-integrated-business-tools-using-google-sheet-form-and-publisher?context_referrer=search_gigs&source=main_banner&ref_ctx_id=3ff60781c696c0545a3223c027aa36bb&pckg_id=1&pos=39&context_type=auto&funnel=3ff60781c696c0545a3223c027aa36bb&imp_id=a85aa3a7-2c85-46ec-bfbc-9491131d2dd1,I will automate google sheet and other applications using apps script,,"https://fiverr-res.cloudinary.com/t_profile_thumb,q_auto,f_auto/profile/photos/4134582/original/RABIN_-2.jpg",26,295
https://www.fiverr.com/maarofi/be-your-app-script-or-google-script-developer?context_referrer=search_gigs&source=main_banner&ref_ctx_id=3ff60781c696c0545a3223c027aa36bb&pckg_id=1&pos=40&context_type=auto&funnel=3ff60781c696c0545a3223c027aa36bb&imp_id=2aa817e2-5a46-4a19-a9d6-db8c9802d534,I will be your apps script or google script developer,,"https://fiverr-res.cloudinary.com/t_profile_thumb,q_auto,f_auto/attachments/profile/photo/23e6bbda855eac7e2497fade36c03e34-1604480658671/ad7a1842-4902-4293-861f-90cf180d5d45.png",43,40
https://www.fiverr.com/shahveerkhan502/do-excel-automation-with-vba-scripts-and-macros?context_referrer=search_gigs&source=main_banner&ref_ctx_id=3ff60781c696c0545a3223c027aa36bb&pckg_id=1&pos=41&context_type=auto&funnel=3ff60781c696c0545a3223c027aa36bb&imp_id=6460ab36-0660-445b-9932-fc6cd0d9faf9,"I will excel, google sheet automation with vba and app scripts",,"https://fiverr-res.cloudinary.com/t_profile_thumb,q_auto,f_auto/attachments/profile/photo/1ddac428f1c3d8aa4747b8274394bcd2-1617375165051/299debd9-83e3-45c3-a9fc-f03d65388453.jpg",85,40
https://www.fiverr.com/sohaibroomi215/transfer-google-sheet-data-to-any-gmail-account-with-apps-scripting?context_referrer=search_gigs&source=main_banner&ref_ctx_id=3ff60781c696c0545a3223c027aa36bb&pckg_id=1&pos=42&context_type=auto&funnel=3ff60781c696c0545a3223c027aa36bb&seller_online=true&imp_id=d066cf39-99cf-4202-889a-dbd8a88d7767,I will parse gmail emails into a google sheet using the apps script,,"https://fiverr-res.cloudinary.com/t_profile_thumb,q_auto,f_auto/attachments/profile/photo/6264b63959647ce128c8bd651c0fe579-1560133170208/23c3d559-d208-4a86-aa4c-e1e36f80ecda.jpg",4,10
https://www.fiverr.com/brodkov/create-excel-spreadsheets-to-automatically-manage-your-data?context_referrer=search_gigs&source=main_banner&ref_ctx_id=3ff60781c696c0545a3223c027aa36bb&pckg_id=1&pos=43&context_type=auto&funnel=3ff60781c696c0545a3223c027aa36bb&imp_id=1bc026ac-f97f-4e55-a8cb-14a60fa56b29,I will create google apps script,,"https://fiverr-res.cloudinary.com/t_profile_thumb,q_auto,f_auto/attachments/profile/photo/4a97b2c129d300371586d048583c00dc-1607366076467/41a18230-f795-4ce2-90ad-686e1a754d87.jpg",8,5
https://www.fiverr.com/b_bhingradiya/build-email-parser-in-google-apps-script?context_referrer=search_gigs&source=main_banner&ref_ctx_id=3ff60781c696c0545a3223c027aa36bb&pckg_id=1&pos=44&context_type=auto&funnel=3ff60781c696c0545a3223c027aa36bb&imp_id=2ba5d55f-a23f-49d2-8068-2c910f6b06ad,"I will automate spreadsheets, drive, calendar using apps script",,"https://fiverr-res.cloudinary.com/t_profile_thumb,q_auto,f_auto/attachments/profile/photo/fbfb133db189c1d3a8b27569ebf08309-1533045726195/DSC_6486-.jpg",9,15
https://www.fiverr.com/dev_baher/automate-excel-google-sheets-macros-and-scripts?context_referrer=search_gigs&source=main_banner&ref_ctx_id=3ff60781c696c0545a3223c027aa36bb&pckg_id=1&pos=45&context_type=auto&funnel=3ff60781c696c0545a3223c027aa36bb&imp_id=0270d7c3-2c99-463b-a1f8-2ac243cf90d0,"I will automate excel, google sheets, macros, vba, and apps script",,"https://fiverr-res.cloudinary.com/t_profile_thumb,q_auto,f_auto/attachments/profile/photo/a38b93dfff2242b4da087e3f7176f2c7-1625176822927/ccc678f0-09d4-49f3-aced-4996da72b427.jpg",87,50
https://www.fiverr.com/sg_2021/do-any-task-in-excel-vba-and-outlook-macros?context_referrer=search_gigs&source=main_banner&ref_ctx_id=3ff60781c696c0545a3223c027aa36bb&pckg_id=1&pos=46&context_type=auto&funnel=3ff60781c696c0545a3223c027aa36bb&imp_id=98f34d5c-f650-4043-827e-0d9dfbc6a371,"I will do any task in excel vba, google app script, outlook macros",,"https://fiverr-res.cloudinary.com/t_profile_thumb,q_auto,f_auto/attachments/profile/photo/032631c4fd822927906ed1db0b7684a5-1614102700124/37a7709a-3bbb-4832-8fb9-72cdc97ff5fe.jpg",79,15
https://www.fiverr.com/mukeshjakhar12/do-crm-erp-hrm-accounting-inventory-management?context_referrer=search_gigs&source=main_banner&ref_ctx_id=3ff60781c696c0545a3223c027aa36bb&pckg_id=1&pos=47&context_type=auto&funnel=3ff60781c696c0545a3223c027aa36bb&imp_id=b2381bce-4904-483d-a755-49faf52c3579,"I will setup envato codecanyon PHP scripts, flutter android apps, and vps server",,"https://fiverr-res.cloudinary.com/t_profile_thumb,q_auto,f_auto/attachments/profile/photo/13f5325cd71fc7026b66a8894b6384a3-792017191565327869986/JPEG_20190809_104748_1583891691.jpg",5,50
https://www.fiverr.com/sahiruw/do-advanced-vba-and-apps-script-macro-or-formula-for-google-sheets-and-excel?context_referrer=search_gigs&source=main_banner&ref_ctx_id=3ff60781c696c0545a3223c027aa36bb&pckg_id=1&pos=48&context_type=auto&funnel=3ff60781c696c0545a3223c027aa36bb&seller_online=true&imp_id=f58c8e00-4184-4707-85c9-8c354bb7c721,I will do advanced vba and apps script macro or formula for google sheets and excel,,"https://fiverr-res.cloudinary.com/t_profile_thumb,q_auto,f_auto/attachments/profile/photo/9bf6f21c8010d8673719cc898ea5170f-1620850308269/2c9490ec-6d52-4fe5-92f7-20e763ad1e80.png",3,25
